INSERT INTO unidad_medida(id_unidad_medida, nombre) VALUES(1,'Masa');
INSERT INTO unidad_medida(id_unidad_medida, nombre) VALUES(2,'Volumen');

INSERT INTO unidad_peso (id_unidad_peso, id_unidad_medida, nombre, codigo) VALUES(1,1,"Kilogramo","Kg");
INSERT INTO unidad_peso (id_unidad_peso, id_unidad_medida, nombre, codigo) VALUES(2,1,"Libra","Lb");
INSERT INTO unidad_peso (id_unidad_peso, id_unidad_medida, nombre, codigo) VALUES(3,1,"Gramo","Gr");
INSERT INTO unidad_peso (id_unidad_peso, id_unidad_medida, nombre, codigo) VALUES(4,2,"Litro","Lt");
INSERT INTO unidad_peso (id_unidad_peso, id_unidad_medida, nombre, codigo) VALUES(5,2,"Mililitro","Mlt");

INSERT INTO ingrediente(id_ingrediente, id_unidad_medida, nombre) VALUES(1,2,'Aceite');
INSERT INTO ingrediente(id_ingrediente, id_unidad_medida, nombre) VALUES(2,1,'Aceituna');
INSERT INTO ingrediente(id_ingrediente, id_unidad_medida, nombre) VALUES(3,1,'Aguacate');
INSERT INTO ingrediente(id_ingrediente, id_unidad_medida, nombre) VALUES(4,1,'Ajo');
INSERT INTO ingrediente(id_ingrediente, id_unidad_medida, nombre) VALUES(5,1,'Alcachofa');
INSERT INTO ingrediente(id_ingrediente, id_unidad_medida, nombre) VALUES(6,1,'Apio');
INSERT INTO ingrediente(id_ingrediente, id_unidad_medida, nombre) VALUES(7,1,'Arroz');
INSERT INTO ingrediente(id_ingrediente, id_unidad_medida, nombre) VALUES(8,1,'Atún');
INSERT INTO ingrediente(id_ingrediente, id_unidad_medida, nombre) VALUES(9,1,'Auyama');
INSERT INTO ingrediente(id_ingrediente, id_unidad_medida, nombre) VALUES(10,2,'Avena');
INSERT INTO ingrediente(id_ingrediente, id_unidad_medida, nombre) VALUES(11,1,'Azúcar');
INSERT INTO ingrediente(id_ingrediente, id_unidad_medida, nombre) VALUES(12,1,'Banano');
INSERT INTO ingrediente(id_ingrediente, id_unidad_medida, nombre) VALUES(13,1,'Brocoli');
INSERT INTO ingrediente(id_ingrediente, id_unidad_medida, nombre) VALUES(14,1,'Cacahuate');
INSERT INTO ingrediente(id_ingrediente, id_unidad_medida, nombre) VALUES(15,1,'Carne');
INSERT INTO ingrediente(id_ingrediente, id_unidad_medida, nombre) VALUES(16,1,'Cebada');
INSERT INTO ingrediente(id_ingrediente, id_unidad_medida, nombre) VALUES(17,1,'Cebolla');
INSERT INTO ingrediente(id_ingrediente, id_unidad_medida, nombre) VALUES(18,1,'Cerdo');
INSERT INTO ingrediente(id_ingrediente, id_unidad_medida, nombre) VALUES(19,1,'champiñon');
INSERT INTO ingrediente(id_ingrediente, id_unidad_medida, nombre) VALUES(20,1,'Chicharron');
INSERT INTO ingrediente(id_ingrediente, id_unidad_medida, nombre) VALUES(21,2,'Chocolate');
INSERT INTO ingrediente(id_ingrediente, id_unidad_medida, nombre) VALUES(22,1,'Coco');
INSERT INTO ingrediente(id_ingrediente, id_unidad_medida, nombre) VALUES(23,1,'Col');
INSERT INTO ingrediente(id_ingrediente, id_unidad_medida, nombre) VALUES(24,1,'Coliflor');
INSERT INTO ingrediente(id_ingrediente, id_unidad_medida, nombre) VALUES(25,1,'Costillas');
INSERT INTO ingrediente(id_ingrediente, id_unidad_medida, nombre) VALUES(26,2,'Crema de leche');
INSERT INTO ingrediente(id_ingrediente, id_unidad_medida, nombre) VALUES(27,1,'Desmechada');
INSERT INTO ingrediente(id_ingrediente, id_unidad_medida, nombre) VALUES(28,1,'Espinacas');
INSERT INTO ingrediente(id_ingrediente, id_unidad_medida, nombre) VALUES(29,1,'Fideo');
INSERT INTO ingrediente(id_ingrediente, id_unidad_medida, nombre) VALUES(30,1,'Fresa');
INSERT INTO ingrediente(id_ingrediente, id_unidad_medida, nombre) VALUES(31,1,'Frijol');
INSERT INTO ingrediente(id_ingrediente, id_unidad_medida, nombre) VALUES(32,1,'Garbanzos');
INSERT INTO ingrediente(id_ingrediente, id_unidad_medida, nombre) VALUES(33,1,'Harina de cebada');
INSERT INTO ingrediente(id_ingrediente, id_unidad_medida, nombre) VALUES(34,1,'Harina de trigo');
INSERT INTO ingrediente(id_ingrediente, id_unidad_medida, nombre) VALUES(35,1,'Higado');
INSERT INTO ingrediente(id_ingrediente, id_unidad_medida, nombre) VALUES(36,1,'Huevo');
INSERT INTO ingrediente(id_ingrediente, id_unidad_medida, nombre) VALUES(37,2,'Leche');
INSERT INTO ingrediente(id_ingrediente, id_unidad_medida, nombre) VALUES(38,1,'Lechuga');
INSERT INTO ingrediente(id_ingrediente, id_unidad_medida, nombre) VALUES(39,1,'Lenteja');
INSERT INTO ingrediente(id_ingrediente, id_unidad_medida, nombre) VALUES(40,1,'Limon');
INSERT INTO ingrediente(id_ingrediente, id_unidad_medida, nombre) VALUES(41,1,'Maiz');
INSERT INTO ingrediente(id_ingrediente, id_unidad_medida, nombre) VALUES(42,1,'Mango');
INSERT INTO ingrediente(id_ingrediente, id_unidad_medida, nombre) VALUES(43,1,'Mantequilla');
INSERT INTO ingrediente(id_ingrediente, id_unidad_medida, nombre) VALUES(44,1,'Manzana');
INSERT INTO ingrediente(id_ingrediente, id_unidad_medida, nombre) VALUES(45,1,'melocoton');
INSERT INTO ingrediente(id_ingrediente, id_unidad_medida, nombre) VALUES(46,1,'melon');
INSERT INTO ingrediente(id_ingrediente, id_unidad_medida, nombre) VALUES(47,2,'Miel');
INSERT INTO ingrediente(id_ingrediente, id_unidad_medida, nombre) VALUES(48,1,'Mora');
INSERT INTO ingrediente(id_ingrediente, id_unidad_medida, nombre) VALUES(49,2,'Mostaza');
INSERT INTO ingrediente(id_ingrediente, id_unidad_medida, nombre) VALUES(50,1,'Naranja');
INSERT INTO ingrediente(id_ingrediente, id_unidad_medida, nombre) VALUES(51,1,'Nispero');
INSERT INTO ingrediente(id_ingrediente, id_unidad_medida, nombre) VALUES(52,1,'Papa');
INSERT INTO ingrediente(id_ingrediente, id_unidad_medida, nombre) VALUES(53,1,'Papaya');
INSERT INTO ingrediente(id_ingrediente, id_unidad_medida, nombre) VALUES(54,1,'Pasta');
INSERT INTO ingrediente(id_ingrediente, id_unidad_medida, nombre) VALUES(55,1,'Pepino');
INSERT INTO ingrediente(id_ingrediente, id_unidad_medida, nombre) VALUES(56,1,'Peras');
INSERT INTO ingrediente(id_ingrediente, id_unidad_medida, nombre) VALUES(57,1,'Perejil');
INSERT INTO ingrediente(id_ingrediente, id_unidad_medida, nombre) VALUES(58,1,'Pimiento');
INSERT INTO ingrediente(id_ingrediente, id_unidad_medida, nombre) VALUES(59,1,'Piña');
INSERT INTO ingrediente(id_ingrediente, id_unidad_medida, nombre) VALUES(60,1,'Plátano');
INSERT INTO ingrediente(id_ingrediente, id_unidad_medida, nombre) VALUES(61,1,'Pollo');
INSERT INTO ingrediente(id_ingrediente, id_unidad_medida, nombre) VALUES(62,2,'Postres');
INSERT INTO ingrediente(id_ingrediente, id_unidad_medida, nombre) VALUES(63,1,'Queso');
INSERT INTO ingrediente(id_ingrediente, id_unidad_medida, nombre) VALUES(64,1,'Remolacha');
INSERT INTO ingrediente(id_ingrediente, id_unidad_medida, nombre) VALUES(65,1,'Repollo');
INSERT INTO ingrediente(id_ingrediente, id_unidad_medida, nombre) VALUES(66,1,'Res');
INSERT INTO ingrediente(id_ingrediente, id_unidad_medida, nombre) VALUES(67,1,'Sal');
INSERT INTO ingrediente(id_ingrediente, id_unidad_medida, nombre) VALUES(68,2,'Salsa de tomate');
INSERT INTO ingrediente(id_ingrediente, id_unidad_medida, nombre) VALUES(69,1,'Sandia');
INSERT INTO ingrediente(id_ingrediente, id_unidad_medida, nombre) VALUES(70,1,'Tomate de aliños');
INSERT INTO ingrediente(id_ingrediente, id_unidad_medida, nombre) VALUES(71,1,'Tomate de arbol');
INSERT INTO ingrediente(id_ingrediente, id_unidad_medida, nombre) VALUES(72,1,'Toronja');
INSERT INTO ingrediente(id_ingrediente, id_unidad_medida, nombre) VALUES(73,1,'Trigo');
INSERT INTO ingrediente(id_ingrediente, id_unidad_medida, nombre) VALUES(74,1,'Trucha');
INSERT INTO ingrediente(id_ingrediente, id_unidad_medida, nombre) VALUES(75,1,'Uva');
INSERT INTO ingrediente(id_ingrediente, id_unidad_medida, nombre) VALUES(76,2,'Yogurt');
INSERT INTO ingrediente(id_ingrediente, id_unidad_medida, nombre) VALUES(77,1,'Yuca');
INSERT INTO ingrediente(id_ingrediente, id_unidad_medida, nombre) VALUES(78,1,'zanahoria');

INSERT INTO rol (id_rol, nombre_rol, codigo_rol) VALUES(1,"ADMINISTRADOR","ADMIN");
INSERT INTO rol (id_rol, nombre_rol, codigo_rol) VALUES(2,"EMPLEADO","EMP");
INSERT INTO rol (id_rol, nombre_rol, codigo_rol) VALUES(3,"CLIENTE","CLI");
INSERT INTO rol (id_rol, nombre_rol, codigo_rol) VALUES(4,"INVITADO","INV");

INSERT INTO estado_pedido (id_estado_pedido, nombre) VALUES(1,"CANCELADO");
INSERT INTO estado_pedido (id_estado_pedido, nombre) VALUES(2,"BORRADOR");
INSERT INTO estado_pedido (id_estado_pedido, nombre) VALUES(3,"NUEVO");
INSERT INTO estado_pedido (id_estado_pedido, nombre) VALUES(4,"PREPARACION");
INSERT INTO estado_pedido (id_estado_pedido, nombre) VALUES(5,"ENTREGADO");

INSERT INTO tipo_documento(id_tipo_documento, nombre) VALUES(1,'Cedula');
INSERT INTO tipo_documento(id_tipo_documento, nombre) VALUES(2,'Empresa');

INSERT INTO tipo_proveedor(id_tipo_proveedor, nombre, descripcion) VALUES(1,'Materia Prima', 'Toda la materia prima que se utiliza para la creación de productos');
INSERT INTO tipo_proveedor(id_tipo_proveedor, nombre, descripcion) VALUES(2,'Varios', 'Sería para registrar mekato, cervezas, gaseosas... Productos que ya vienen listos');
INSERT INTO tipo_proveedor(id_tipo_proveedor, nombre, descripcion) VALUES(3,'Recursos', 'Se almacenan los recursos que se necesitan para que los restaurantes puedan funcionar');
INSERT INTO tipo_proveedor(id_tipo_proveedor, nombre, descripcion) VALUES(4,'Otros', 'Para lo que el cliente desee');

INSERT INTO configuracion(codigo, valor, descripcion) VALUES('CANT_REGISTROS_PAGINA','10', 'Registros por página del sistema');
INSERT INTO configuracion(codigo, valor, descripcion) VALUES('CANT_REGISTROS_PEDIDO','6', 'Registros por página en pedidos');
INSERT INTO configuracion(codigo, valor, descripcion) VALUES('DIA_VENCER_INGREDIENTE','5', 'Días para vencer ingredientes');
INSERT INTO configuracion(codigo, valor, descripcion) VALUES('CORREO','colsevirestaurantes@gmail.com', 'cuenta corporativa');
INSERT INTO configuracion(codigo, valor, descripcion) VALUES('CONTRASEÑA','restaurantes123*', 'contraseña del correo corporativo');
INSERT INTO configuracion(codigo, valor, descripcion) VALUES('MISION','', 'Misión de los restaurantes');
INSERT INTO configuracion(codigo, valor, descripcion) VALUES('VISION','', 'Visión de los restaurantes');
INSERT INTO configuracion(codigo, valor, descripcion) VALUES('VER_CONTACTENOS','SI', 'Opcion para ver en el menu del front');
INSERT INTO configuracion(codigo, valor, descripcion) VALUES('FTP_USUARIO','root', 'login server FTP');
INSERT INTO configuracion(codigo, valor, descripcion) VALUES('FTP_PWD','root', 'login server FTP');
INSERT INTO configuracion(codigo, valor, descripcion) VALUES('FTP_HOST','localhost', 'login server FTP');
INSERT INTO configuracion(codigo, valor, descripcion) VALUES('FPT_PORT','21', 'login server FTP');
INSERT INTO configuracion(codigo, valor, descripcion) VALUES('FTP_IMAGEN','https://raw.githubusercontent.com/proyectoPPi/colsevi/demo1.0/WebContent/resources/', 'almacenamiento de imagenes');

INSERT INTO tipo_telefono(id_tipo_telefono, nombre, descripcion) VALUES(1, 'Celular', 'Celular');
INSERT INTO tipo_telefono(id_tipo_telefono, nombre, descripcion) VALUES(2, 'Fijo', 'Fijo');
INSERT INTO tipo_telefono(id_tipo_telefono, nombre, descripcion) VALUES(3, 'Contacto', 'Contacto');

INSERT INTO telefono(id_telefono, id_tipo_telefono, telefono) VALUES(1, 2, '2161200');
INSERT INTO telefono(id_telefono, id_tipo_telefono, telefono) VALUES(2, 2, '');

INSERT INTO direccion(id_direccion, direccion) VALUES(1, '');
INSERT INTO direccion(id_direccion, direccion) VALUES(2, '');

INSERT INTO establecimiento(id_establecimiento, id_direccion, id_telefono, nombre, descripcion, hora_inicio, hora_fin) VALUES(1,1,1,'Sevillana','','07:30','17:30');
INSERT INTO establecimiento(id_establecimiento, id_direccion, id_telefono, nombre, descripcion, hora_inicio, hora_fin) VALUES(2,2,2,'Colonial','','07:30','17:30');

INSERT INTO catalogo(id_catalogo, id_establecimiento, nombre) VALUES(1,1,'CartaSevillana');
INSERT INTO catalogo(id_catalogo, id_establecimiento, nombre) VALUES(2,2,'CartaColonial');

INSERT INTO pagina(id_pagina, url, nombre, padrePagina, menu) VALUES(1, 'General', 'General', '2,3,4,5,6', 1);
INSERT INTO pagina(id_pagina, url, nombre, padrePagina, menu) VALUES(2, '/Caja.html', 'Caja', '', 0);
INSERT INTO pagina(id_pagina, url, nombre, padrePagina, menu) VALUES(3, '/Dashboard/Admin.html', 'Dashboard', '', 0);
INSERT INTO pagina(id_pagina, url, nombre, padrePagina, menu) VALUES(4, '/general/Configuracion.html', 'Configuracion', '', 0);
INSERT INTO pagina(id_pagina, url, nombre, padrePagina, menu) VALUES(5, '/General/Establecimiento.html', 'Establecimiento', '', 0);
INSERT INTO pagina(id_pagina, url, nombre, padrePagina, menu) VALUES(6, '/Registro.html', 'Registro', '', 0);
INSERT INTO pagina(id_pagina, url, nombre, padrePagina, menu) VALUES(8, 'Insumos', 'Insumos', '9,10,11,12', 1);
INSERT INTO pagina(id_pagina, url, nombre, padrePagina, menu) VALUES(9, '/Proveedor/Compra.html', 'Compras a Proveedores', '', 0);
INSERT INTO pagina(id_pagina, url, nombre, padrePagina, menu) VALUES(10, '/Inventario/MateriaPrima.html', 'Materia Prima', '', 0);
INSERT INTO pagina(id_pagina, url, nombre, padrePagina, menu) VALUES(11, '/Inventario/MovimientoMateria.html', 'Movimiento Materia Prima', '', 0);
INSERT INTO pagina(id_pagina, url, nombre, padrePagina, menu) VALUES(12, '/Proveedor/Prov.html', 'Proveedores', '', 0);
INSERT INTO pagina(id_pagina, url, nombre, padrePagina, menu) VALUES(13, 'Bodega', 'Bodega', '14,15', 1);
INSERT INTO pagina(id_pagina, url, nombre, padrePagina, menu) VALUES(14, '/Inventario/Inv.html', 'Inventario', '', 0);
INSERT INTO pagina(id_pagina, url, nombre, padrePagina, menu) VALUES(15, 'Movimiento de Inv', 'Movimiento Inventario', '', 0);
INSERT INTO pagina(id_pagina, url, nombre, padrePagina, menu) VALUES(16, 'Menu', 'Menu', '17,18,19,20,21,22,23', 1);
INSERT INTO pagina(id_pagina, url, nombre, padrePagina, menu) VALUES(17, '/Catalogo/Cat.html', 'Carta', '', 0);
INSERT INTO pagina(id_pagina, url, nombre, padrePagina, menu) VALUES(18, '/Plato.html', 'Plato', '', 0);
INSERT INTO pagina(id_pagina, url, nombre, padrePagina, menu) VALUES(19, '/Producto/Admin.html', 'Producto Terminado', '', 0);
INSERT INTO pagina(id_pagina, url, nombre, padrePagina, menu) VALUES(20, '/Producto/Tipo.html', 'Tipo Producto', '', 0);
INSERT INTO pagina(id_pagina, url, nombre, padrePagina, menu) VALUES(21, '/Ingrediente/Ing.html', 'Ingredientes', '', 0);
INSERT INTO pagina(id_pagina, url, nombre, padrePagina, menu) VALUES(22, '/Recetario.html', 'Recetario', '', 0);
INSERT INTO pagina(id_pagina, url, nombre, padrePagina, menu) VALUES(23, '/Receta/Nivel.html', 'Clasificación Receta', '', 0);
INSERT INTO pagina(id_pagina, url, nombre, padrePagina, menu) VALUES(24, 'Operaciones', 'Operaciones', '25', 1);
INSERT INTO pagina(id_pagina, url, nombre, padrePagina, menu) VALUES(25, '/Pedido/Visualizar.html', 'Pedidos', '', 0);
INSERT INTO pagina(id_pagina, url, nombre, padrePagina, menu) VALUES(26, 'Pagos Deudas', 'Pagos y Deudas', '27,28,29,30', 1);
INSERT INTO pagina(id_pagina, url, nombre, padrePagina, menu) VALUES(27, 'Pago Cliente', 'Pagos Cliente', '', 0);
INSERT INTO pagina(id_pagina, url, nombre, padrePagina, menu) VALUES(28, 'Deuda cliente', 'Deuda Cliente', '', 0);
INSERT INTO pagina(id_pagina, url, nombre, padrePagina, menu) VALUES(29, 'Deuda Proveedor', 'Deuda Proveedor', '', 0);
INSERT INTO pagina(id_pagina, url, nombre, padrePagina, menu) VALUES(30, '/pago/Proveedor.html', 'Pago Proveedores', '', 0);
INSERT INTO pagina(id_pagina, url, nombre, padrePagina, menu) VALUES(31, 'General', 'General', '3,6', 1);
INSERT INTO pagina(id_pagina, url, nombre, padrePagina, menu) VALUES(32, 'Insumos', 'Insumos', '9,10,11,12', 1);
INSERT INTO pagina(id_pagina, url, nombre, padrePagina, menu) VALUES(33, 'Bodega', 'Bodega', '14,15', 1);
INSERT INTO pagina(id_pagina, url, nombre, padrePagina, menu) VALUES(34, 'Menu', 'Menu', '17,18,19,20,21,22,23', 1);
INSERT INTO pagina(id_pagina, url, nombre, padrePagina, menu) VALUES(35, 'Operaciones', 'Operaciones', '25', 1);
INSERT INTO pagina(id_pagina, url, nombre, padrePagina, menu) VALUES(36, 'Pagos Deudas', 'Pagos y Deudas', '27,28,29,30', 1);
INSERT INTO pagina(id_pagina, url, nombre, padrePagina, menu) VALUES(37, 'General', 'General', '3,38', 1);
INSERT INTO pagina(id_pagina, url, nombre, padrePagina, menu) VALUES(38, '/Registro.html', 'Perfil', '', 0);
INSERT INTO pagina(id_pagina, url, nombre, padrePagina, menu) VALUES(39, 'Operaciones', 'Operaciones', '25', 1);
INSERT INTO pagina(id_pagina, url, nombre, padrePagina, menu) VALUES(40, 'Pagos y Deudas', 'Pagos y Deudas', '41,42', 1);
INSERT INTO pagina(id_pagina, url, nombre, padrePagina, menu) VALUES(41, 'Pago Cliente', 'Pagos', '', 0);
INSERT INTO pagina(id_pagina, url, nombre, padrePagina, menu) VALUES(42, 'Deuda Cliente', 'Creditos', '', 0);

INSERT INTO pagina_x_rol(id_rol, id_pagina) VALUES(1, 1);
INSERT INTO pagina_x_rol(id_rol, id_pagina) VALUES(1, 2);
INSERT INTO pagina_x_rol(id_rol, id_pagina) VALUES(1, 3);
INSERT INTO pagina_x_rol(id_rol, id_pagina) VALUES(1, 4);
INSERT INTO pagina_x_rol(id_rol, id_pagina) VALUES(1, 5);
INSERT INTO pagina_x_rol(id_rol, id_pagina) VALUES(1, 6);
INSERT INTO pagina_x_rol(id_rol, id_pagina) VALUES(1, 8);
INSERT INTO pagina_x_rol(id_rol, id_pagina) VALUES(1, 9);
INSERT INTO pagina_x_rol(id_rol, id_pagina) VALUES(1, 10);
INSERT INTO pagina_x_rol(id_rol, id_pagina) VALUES(1, 11);
INSERT INTO pagina_x_rol(id_rol, id_pagina) VALUES(1, 12);
INSERT INTO pagina_x_rol(id_rol, id_pagina) VALUES(1, 13);
INSERT INTO pagina_x_rol(id_rol, id_pagina) VALUES(1, 14);
INSERT INTO pagina_x_rol(id_rol, id_pagina) VALUES(1, 15);
INSERT INTO pagina_x_rol(id_rol, id_pagina) VALUES(1, 16);
INSERT INTO pagina_x_rol(id_rol, id_pagina) VALUES(1, 17);
INSERT INTO pagina_x_rol(id_rol, id_pagina) VALUES(1, 18);
INSERT INTO pagina_x_rol(id_rol, id_pagina) VALUES(1, 19);
INSERT INTO pagina_x_rol(id_rol, id_pagina) VALUES(1, 20);
INSERT INTO pagina_x_rol(id_rol, id_pagina) VALUES(1, 21);
INSERT INTO pagina_x_rol(id_rol, id_pagina) VALUES(1, 22);
INSERT INTO pagina_x_rol(id_rol, id_pagina) VALUES(1, 23);
INSERT INTO pagina_x_rol(id_rol, id_pagina) VALUES(1, 24);
INSERT INTO pagina_x_rol(id_rol, id_pagina) VALUES(1, 25);
INSERT INTO pagina_x_rol(id_rol, id_pagina) VALUES(1, 26);
INSERT INTO pagina_x_rol(id_rol, id_pagina) VALUES(1, 27);
INSERT INTO pagina_x_rol(id_rol, id_pagina) VALUES(1, 28);
INSERT INTO pagina_x_rol(id_rol, id_pagina) VALUES(1, 29);
INSERT INTO pagina_x_rol(id_rol, id_pagina) VALUES(1, 30);
INSERT INTO pagina_x_rol(id_rol, id_pagina) VALUES(2, 6);
INSERT INTO pagina_x_rol(id_rol, id_pagina) VALUES(2, 9);
INSERT INTO pagina_x_rol(id_rol, id_pagina) VALUES(2, 10);
INSERT INTO pagina_x_rol(id_rol, id_pagina) VALUES(2, 11);
INSERT INTO pagina_x_rol(id_rol, id_pagina) VALUES(2, 12);
INSERT INTO pagina_x_rol(id_rol, id_pagina) VALUES(2, 14);
INSERT INTO pagina_x_rol(id_rol, id_pagina) VALUES(2, 15);
INSERT INTO pagina_x_rol(id_rol, id_pagina) VALUES(2, 17);
INSERT INTO pagina_x_rol(id_rol, id_pagina) VALUES(2, 18);
INSERT INTO pagina_x_rol(id_rol, id_pagina) VALUES(2, 19);
INSERT INTO pagina_x_rol(id_rol, id_pagina) VALUES(2, 20);
INSERT INTO pagina_x_rol(id_rol, id_pagina) VALUES(2, 21);
INSERT INTO pagina_x_rol(id_rol, id_pagina) VALUES(2, 22);
INSERT INTO pagina_x_rol(id_rol, id_pagina) VALUES(2, 23);
INSERT INTO pagina_x_rol(id_rol, id_pagina) VALUES(2, 25);
INSERT INTO pagina_x_rol(id_rol, id_pagina) VALUES(2, 27);
INSERT INTO pagina_x_rol(id_rol, id_pagina) VALUES(2, 28);
INSERT INTO pagina_x_rol(id_rol, id_pagina) VALUES(2, 29);
INSERT INTO pagina_x_rol(id_rol, id_pagina) VALUES(2, 30);
INSERT INTO pagina_x_rol(id_rol, id_pagina) VALUES(2, 31);
INSERT INTO pagina_x_rol(id_rol, id_pagina) VALUES(2, 32);
INSERT INTO pagina_x_rol(id_rol, id_pagina) VALUES(2, 33);
INSERT INTO pagina_x_rol(id_rol, id_pagina) VALUES(2, 34);
INSERT INTO pagina_x_rol(id_rol, id_pagina) VALUES(2, 35);
INSERT INTO pagina_x_rol(id_rol, id_pagina) VALUES(2, 36);
INSERT INTO pagina_x_rol(id_rol, id_pagina) VALUES(3, 37);
INSERT INTO pagina_x_rol(id_rol, id_pagina) VALUES(3, 38);
INSERT INTO pagina_x_rol(id_rol, id_pagina) VALUES(3, 39);
INSERT INTO pagina_x_rol(id_rol, id_pagina) VALUES(3, 40);
INSERT INTO pagina_x_rol(id_rol, id_pagina) VALUES(3, 41);
INSERT INTO pagina_x_rol(id_rol, id_pagina) VALUES(3, 42);

INSERT INTO persona(id_persona, tipo_doc, documento, genero, nombre, apellido) VALUES(1, 1, 3440752, 'M', 'ADMIN', 'SUPER');
INSERT INTO usuario(id_usuario, id_persona, usuario, clave, estado, primer_login, id_rol) VALUES(1, 1, 'adminColonial', '40bd001563085fc35165329ea1ff5c5ecbdbbeef', 'T', 'F', 1);

INSERT INTO motivo (id_motivo, nombre) VALUES(1,"Asignacion");
INSERT INTO motivo (id_motivo, nombre) VALUES(2,"Devolucion");
INSERT INTO motivo (id_motivo, nombre) VALUES(3,"Prestamo");
INSERT INTO motivo (id_motivo, nombre) VALUES(4,"Pago");
INSERT INTO motivo (id_motivo, nombre) VALUES(5,"Gasto");

INSERT INTO tipo_producto(id_tipo_producto, nombre, descripcion) VALUES(1,'sopas','');
INSERT INTO tipo_producto(id_tipo_producto, nombre, descripcion) VALUES(2,'carnes 1','');
INSERT INTO tipo_producto(id_tipo_producto, nombre, descripcion) VALUES(3,'carnes 2','');
INSERT INTO tipo_producto(id_tipo_producto, nombre, descripcion) VALUES(4,'bedidas','');
